"subject";"identifier";"type";"creator";"title";"volume";"edition";"publisher";"year";"format";"ISBN";"ISSN";"ISMN";"EAN/UPC";"binding/price";"language";"country";"date of publication";"description";"collective title";"links";"relation";"rights";"subject headings";"connected titles";"uniform title";"frequency";"wv number"
"890 Literatur in anderen Sprachen ; B Belletristik";"ISBN:978-3-471-36062-0 Festeinband: EUR 21.99 (DE), EUR 22.70 (AT), CHF 24.90 (freier Preis), 3-471-36062-X, IDN:1270832751";"";"Kashiwai, Hisashi [Verfasser] ; Mikulich, Ekaterina [Übersetzer]";"[Kashiwai] ; Das Restaurant der verlorenen Rezepte : Roman / Hisashi Kashiwai ; aus dem Japanischen von Ekaterina Mikulich";"";"";"Berlin : List";"2023";"253 Seiten ; 20 cm, 278 g";"978-3-471-36062-0";"";"";"";"Festeinband: EUR 21.99 (DE), EUR 22.70 (AT), CHF 24.90 (freier Preis)";"ger";"XA-DE-BE";"";"";"";"Inhaltstext [http://deposit.dnb.de/cgi-bin/dokserv?id=0b46a12474fe4c90b9c3fcc377d9db8c&prov=M&dok_var=1&dok_ext=htm]";"";"";"";"Erscheint auch als Hisashi Kashiwai: Das Restaurant der verlorenen Rezepte";"Hisashi Kashiwai: Kamogawa shokudo";"";"22,N43 , 23,A36"
"820 Englische Literatur ; B Belletristik";"ISBN:978-3-548-06653-0 Broschur : EUR 11.99 (DE), EUR 12.40 (AT), CHF 13.90 (freier Preis), 3-548-06653-4, IDN:1265200017";"";"Osman, Richard [Verfasser] ; Roth, Sabine [Übersetzer]";"[The Thursday Murder Club] ; Der Donnerstagsmordclub : Kriminalroman / Richard Osman ; aus dem Englischen von Sabine Roth";"";"1. Auflage, ungekürzte Ausgabe";"Berlin : Ullstein Taschenbuch Verlag";"2023";"458 Seiten ; 19 cm, 340 g";"978-3-548-06653-0";"";"";"";"Broschur : EUR 11.99 (DE), EUR 12.40 (AT), CHF 13.90 (freier Preis)";"ger";"XA-DE-BE";"";"";"";"Inhaltstext [http://deposit.dnb.de/cgi-bin/dokserv?id=a5a2672e2b9941feb33bda8667f8a9df&prov=M&dok_var=1&dok_ext=htm]";"";"";"";"";"The Thursday Murder Club";"";"22,N33 , 23,A15"
"830 Deutsche Literatur ; B Belletristik";"ISBN:978-3-404-19206-9 Broschur : EUR 13.00 (DE), EUR 13.40 (AT), CHF 17.90 (freier Preis), 3-404-19206-0, IDN:1283338289";"";"Hülsmann, Petra [Verfasser]";"Morgen mach ich bessere Fehler : Roman / Petra Hülsmann";"";"Originalausgabe";"Köln : Lübbe";"2023";"428 Seiten ; 19 cm, 425 g";"978-3-404-19206-9";"";"";"";"Broschur : EUR 13.00 (DE), EUR 13.40 (AT), CHF 17.90 (freier Preis)";"ger";"XA-DE-NW";"";"";"";"Inhaltstext [http://deposit.dnb.de/cgi-bin/dokserv?id=7ad717eb75a0402da01f413e1514eb68&prov=M&dok_var=1&dok_ext=htm]";"";"";"";"Erscheint auch als: ISBN: 9783785785362; Erscheint auch als: ISBN: 9783754009871; Erscheint auch als Petra Hülsmann: Morgen mach ich bessere Fehler";"";"";"23,N12 , 23,A34"
"839 Literatur in anderen germanischen Sprachen ; B Belletristik";"ISBN:978-3-423-28364-9 Festeinband : circa EUR 24.00 (DE), circa EUR 24.70 (AT), circa CHF 32.50 (freier Preis), 3-423-28364-5, IDN:1285899954";"";"Ajvide Lindqvist, John [Verfasser] ; Hüther, Franziska [Übersetzer] ; Essrich, Ricarda [Übersetzer] ; Alms, Thorsten [Übersetzer] ; Langendörfer, Hannes [Übersetzer]";"[Skriften i vattnet] ; Refugium : Thriller / John Ajvide Lindqvist ; aus dem Schwedischen von Franziska Hüther, Ricarda Essrich, Hannes Langendörfer und Thorsten Alms";"";"Deutsche Erstausgabe";"München : dtv";"2023";"523 Seiten ; 22 cm, 632 g";"978-3-423-28364-9";"";"";"";"Festeinband : circa EUR 24.00 (DE), circa EUR 24.70 (AT), circa CHF 32.50 (freier Preis)";"ger";"XA-DE-BY";"";"";"";"Inhaltstext [http://deposit.dnb.de/cgi-bin/dokserv?id=d96c167321ee40cf943f6e89858c37e7&prov=M&dok_var=1&dok_ext=htm]";"";"";"";"Erscheint auch als John Ajvide Lindqvist: Refugium";"Skriften i vattnet";"";"23,N16 , 23,A35"
"839 Literatur in anderen germanischen Sprachen ; B Belletristik";"URN:urn:nbn:de:101:1-2023051303591950494701, URL:http://nbn-resolving.de/urn:nbn:de:101:1-2023051303591950494701, URL:http://d-nb.info/1289318042/34, URL:http://www.dtv.de, ISBN:978-3-423-44217-6, IDN:1289318042";"Online-Ressource";"Ajvide Lindqvist, John [Verfasser] ; Alms, Thorsten [Übersetzer]";"[Vänligheten] ; Unwesen : Roman | »Schwedens Antwort auf Stephen King.« Daily Mirror / John Ajvide Lindqvist";"";"1. Auflage";"München : dtv";"2023";"Online-Ressource, 768 Seiten";"978-3-423-44217-6";"";"";"";"";"ger";"XA-DE-BY";"";"";"";"";"";"";"";"Erscheint auch als John Ajvide Lindqvist: Unwesen";"Vänligheten";"";"23,O06"
"890 Literatur in anderen Sprachen ; B Belletristik";"ISBN:978-3-570-10436-1 Festeinband : circa EUR 22.00 (DE), circa EUR 22.70 (AT), circa CHF 30.15, circa CHF 30.90 (freier Preis), 3-570-10436-2, IDN:1254681922";"";"Natsukawa, Sōsuke [Verfasser] ; Mangold, Sabine [Übersetzer]";"[Hon o mamorō to suru neko no hanashi] ; Die Katze, die von Büchern träumte : Roman / Sosuke Natsukawa ; aus dem Japanischen von Sabine Mangold";"";"1. Auflage";"München : C. Bertelsmann";"2022";"190 Seiten ; 22 cm, 366 g";"978-3-570-10436-1";"";"";"";"Festeinband : circa EUR 22.00 (DE), circa EUR 22.70 (AT), circa CHF 30.15, circa CHF 30.90 (freier Preis)";"ger";"XA-DE-BY";"";"";"";"Inhaltstext [http://deposit.dnb.de/cgi-bin/dokserv?id=24ba1f7bff314d06ad96d4e4afefbeee&prov=M&dok_var=1&dok_ext=htm]";"";"";"";"Erscheint auch als Sōsuke Natsukawa: Die Katze, die von Büchern träumte";"Hon o mamorō to suru neko no hanashi";"";"22,N14 , 22,A51"
"810 Englische Literatur Amerikas ; B Belletristik";"ISBN:978-3-453-27399-3 Festeinband : EUR 28.00 (DE), EUR 28.80 (AT), CHF 37.95, CHF 38.90 (freier Preis), 3-453-27399-0, IDN:1254684808";"";"King, Stephen [Verfasser] ; Kleinschmidt, Bernhard [Übersetzer]";"[Fairy tale] ; Fairy tale : Roman / Stephen King ; aus dem Amerikanischen von Bernhard Kleinschmidt";"";"";"München : Heyne";"2022";"877 Seiten ; 22 cm, 881 g";"978-3-453-27399-3";"";"";"";"Festeinband : EUR 28.00 (DE), EUR 28.80 (AT), CHF 37.95, CHF 38.90 (freier Preis)";"ger";"XA-DE-BY";"";"";"";"Inhaltstext [http://deposit.dnb.de/cgi-bin/dokserv?id=69fff67486da48ee855912d887e2692b&prov=M&dok_var=1&dok_ext=htm]";"";"";"";"Erscheint auch als Stephen King: Fairy Tale; Erscheint auch als: ISBN: 9783837160413; Erscheint auch als: ISBN: 9783837160420";"Fairy tale";"";"22,N14 , 22,A46"
"300 Sozialwissenschaften, Soziologie, Anthropologie ; 940 Geschichte Europas ; 943 Geschichte Deutschlands";"ISBN:978-3-96289-146-6 Festeinband : circa EUR 25.00 (DE), circa EUR 25.70 (AT), 3-96289-146-3, IDN:1255134712";"";"Kuszyk, Karolina [Verfasser] ; Hartmann, Bernhard [Übersetzer]";"[Poniemieckie] ; In den Häusern der Anderen : Spuren deutscher Vergangenheit in Westpolen / Karolina Kuszyk ; aus dem Polnischen von Bernhard Hartmann";"";"";"Berlin : Ch. Links Verlag";"2022";"395 Seiten : Illustrationen ; 22 cm, 626 g";"978-3-96289-146-6";"";"";"";"Festeinband : circa EUR 25.00 (DE), circa EUR 25.70 (AT)";"ger";"XA-DE-BE";"";"";"";"Inhaltstext [http://deposit.dnb.de/cgi-bin/dokserv?id=3b90e33c10b5410f8343e0d9043f587d&prov=M&dok_var=1&dok_ext=htm]; Inhaltsverzeichnis [http://d-nb.info/1255134712/04]";"";"";"Polen &lt;West> ; Deutsche ; Vertreibung ; Umsiedlung ; Sachkultur ; Kulturerbe ; Kollektives Gedächtnis ; Geschichte 1945-";"Erscheint auch als Karolina Kuszyk: In den Häusern der anderen";"Poniemieckie";"";"22,N16 , 23,A08"
"830 Deutsche Literatur ; B Belletristik";"URN:urn:nbn:de:101:1-2022070122311319846031, URL:http://nbn-resolving.de/urn:nbn:de:101:1-2022070122311319846031, URL:http://d-nb.info/126162808X/34, URL:http://www.festa-verlag.de/, ISBN:978-3-86552-997-8, IDN:126162808X";"Online-Ressource";"Clark, P. Djèlí [Verfasser]";"Ring Shout : Thriller / P. Djèlí Clark";"";"1. Auflage";"Borsdorf bei Leipzig : Festa Verlag";"2022";"Online-Ressource, 256 Seiten";"978-3-86552-997-8";"";"";"";"";"ger";"XA-DE-SN";"";"";"";"";"";"";"";"";"";"";"22,O08"
"810 Englische Literatur Amerikas ; B Belletristik";"ISBN:978-3-453-27359-7 Festeinband : EUR 26.00 (DE), EUR 26.80 (AT), CHF 35.61, CHF 36.50 (freier Preis), 3-453-27359-1, IDN:1230762841";"";"King, Stephen [Verfasser] ; Kleinschmidt, Bernhard [Übersetzer]";"Billy Summers : Roman / Stephen King ; aus dem Amerikanischen von Bernhard Kleinschmidt";"";"";"München : Heyne";"2021";"717 Seiten ; 22 cm";"978-3-453-27359-7";"";"";"";"Festeinband : EUR 26.00 (DE), EUR 26.80 (AT), CHF 35.61, CHF 36.50 (freier Preis)";"ger";"XA-DE-BY";"";"";"";"Inhaltstext [http://deposit.dnb.de/cgi-bin/dokserv?id=71f58291598b4da7897c5e26d2a47072&prov=M&dok_var=1&dok_ext=htm]";"";"";"";"Erscheint auch als Stephen King: Billy Summers; Erscheint auch als: ISBN: 9783837157185; Erscheint auch als: ISBN: 9783837157192";"";"";"21,N15 , 21,A47"
"830 Deutsche Literatur ; B Belletristik";"ISBN:978-3-96966-398-1 Broschur : EUR 12.99 (DE), EUR 13.40 (AT), CHF 13.98 (freier Preis), 3-96966-398-9, IDN:1225057140";"";"Hirtzy, Michael [Verfasser]";"Countdown zum Untergang / Michael Hirtzy";"";"1. Auflage";"Wien : Michael Hirtzy; Vachendorf : Nova MD";"2021";"229 Seiten ; 20 cm";"978-3-96966-398-1";"";"";"";"Broschur : EUR 12.99 (DE), EUR 13.40 (AT), CHF 13.98 (freier Preis)";"ger";"XA-AT";"";"";"Michael Hirtzy: Bilder der Apokalypse : Verfasser : April 2021- ; Teil 2";"";"http://d-nb.info/1238534007";"";"";"";"";"";"21,N03 , 21,B33"
"810 Englische Literatur Amerikas ; B Belletristik";"ISBN:978-3-257-07161-0 Gewebe : circa EUR 24.00 (DE), circa EUR 24.70 (AT), circa CHF 32.00 (freier Preis), 3-257-07161-2, IDN:1223789136";"";"Tevis, Walter S. [Verfasser] ; Meier, Gerhard [Übersetzer]";"[The queen's gambit] ; Das Damengambit : Roman / Walter Tevis ; aus dem Amerikanischen von Gerhard Meier";"";"";"Zürich : Diogenes";"2021";"413 Seiten ; 19 cm";"978-3-257-07161-0";"";"";"";"Gewebe : circa EUR 24.00 (DE), circa EUR 24.70 (AT), circa CHF 32.00 (freier Preis)";"ger";"XA-CH";"";"";"";"Inhaltstext [http://deposit.dnb.de/cgi-bin/dokserv?id=4b5ab0a5f0424ca7b9d072523a002bf4&prov=M&dok_var=1&dok_ext=htm]";"";"";"";"Erscheint auch als Walter S. Tevis: Das Damengambit";"The queen's gambit";"";"20,N52 , 21,A37"
"830 Deutsche Literatur ; B Belletristik";"ISBN:978-3-311-15035-0 Broschur : circa EUR 13.00 (DE), circa EUR 13.30 (AT), circa CHF 18.00 (freier Preis), 3-311-15035-X, IDN:1231296712";"";"Boyd, William [Verfasser] ; Hirte, Chris [Übersetzer]";"[Boyd] ; Einfache Gewitter : Roman / William Boyd ; aus dem Englischen von Chris Hirte";"";"";"Zürich : Kampa";"2021";"520 Seiten ; 19 cm";"978-3-311-15035-0";"";"";"";"Broschur : circa EUR 13.00 (DE), circa EUR 13.30 (AT), circa CHF 18.00 (freier Preis)";"ger";"XA-CH";"";"";"Kampa Pocket";"";"";"";"";"";"William Boyd: Ordinary thunderstorms";"";"21,N16 , 23,A14"
"830 Deutsche Literatur ; B Belletristik";"ISBN:978-3-96966-397-4 Broschur : EUR 12.99 (DE), EUR 13.40 (AT), CHF 13.98 (freier Preis), 3-96966-397-0, IDN:1225057213";"";"Hirtzy, Michael [Verfasser]";"Vor dem Abgrund / Michael Hirtzy";"";"2. Auflage";"Wien : Michael Hirtzy; Vachendorf : Nova MD";"2021";"234 Seiten ; 19 cm";"978-3-96966-397-4";"";"";"";"Broschur : EUR 12.99 (DE), EUR 13.40 (AT), CHF 13.98 (freier Preis)";"ger";"XA-AT";"";"";"Michael Hirtzy: Bilder der Apokalypse : Verfasser : April 2021- ; Teil 1";"";"http://d-nb.info/1238534007";"";"";"";"";"";"21,N03 , 21,B33"
"830 Deutsche Literatur ; B Belletristik";"ISBN:978-3-96698-284-9 Broschur : EUR 15.99 (DE), EUR 16.50 (AT), CHF 16.89 (freier Preis), 3-96698-284-6, IDN:1206486430";"";"Barz, Helmut [Verfasser]";"Brumm : eine schwarz/weisse Fabel für das postfaktische Zeitalter / Helmut Barz";"";"Originalausgabe";"Offenbach am Main : Helmut Barz";"2020";"429 Seiten ; 22 cm";"978-3-96698-284-9";"";"";"";"Broschur : EUR 15.99 (DE), EUR 16.50 (AT), CHF 16.89 (freier Preis)";"ger";"XA-DE-HE";"";"";"";"";"";"";"";"";"";"";"20,N12 , 20,B40"
"891.8 Slawische Literatur ; B Belletristik";"ISBN:978-3-7306-0912-5 Festeinband, 3-7306-0912-2, IDN:1207852341";"";"Bulgakov, Michail [Verfasser] ; Berlina, Alexandra [Übersetzer]";"[Bulgakov] ; Der Meister und Margarita / Michail Bulgakow ; aus dem Russischen neu übersetzt und mit einem Nachwort von Alexandra Berlina";"";"";"[Köln] : Anaconda";"2020";"570 Seiten ; 20 cm, 485 g";"978-3-7306-0912-5";"";"";"";"Festeinband";"ger";"XA-DE-NW";"";"";"";"Inhaltstext [http://deposit.dnb.de/cgi-bin/dokserv?id=4d82c886b11b435e965476081df7a71d&prov=M&dok_var=1&dok_ext=htm]; Inhaltsverzeichnis [http://d-nb.info/1207852341/04]";"";"";"";"Erscheint auch als Michail Bulgakov: Meister und Margarita";"Michail Bulgakov: Master i Margarita";"";"20,N17 , 20,A44"
"830 Deutsche Literatur ; B Belletristik";"ISBN:978-3-431-04128-6 Broschur : EUR 16.90 (DE), EUR 17.40 (AT), CHF 21.70 (freier Preis), 3-431-04128-0, IDN:1185900411";"";"Eschbach, Andreas [Verfasser]";"Eine Billion Dollar : Roman / Andreas Eschbach";"";"Vollständige Paperbackausgabe";"Köln : Lübbe";"2020";"887 Seiten ; 22 cm";"978-3-431-04128-6";"";"";"";"Broschur : EUR 16.90 (DE), EUR 17.40 (AT), CHF 21.70 (freier Preis)";"ger";"XA-DE";"";"";"";"Inhaltstext [http://deposit.dnb.de/cgi-bin/dokserv?id=66adc0dcfae6473398239ee735b10587&prov=M&dok_var=1&dok_ext=htm]";"";"";"New York, NY ; Italienischer Einwanderer ; Erbschaft ; Milliardär ; Belletristische Darstellung";"Erscheint auch als: ISBN: 9783404150403; Erscheint auch als: ISBN: 9783838700571; Erscheint auch als: ISBN: 9783838760476; Erscheint auch als: ISBN: 9783785752074";"";"";"19,N20 , 20,A04"
"890 Literatur in anderen Sprachen ; B Belletristik";"ISBN:978-3-498-00126-1 Festeinband : EUR 20.00 (DE), EUR 20.60 (AT), 3-498-00126-4, IDN:1185426035";"";"Tuomainen, Antti [Verfasser] ; Wagner, Niina [Übersetzer] ; Wagner, Jan Costin [Übersetzer]";"[Pikku Siperia] ; Klein-Sibirien : Roman / Antti Tuomainen ; aus dem Finnischen von Niina Katariina Wagner und Jan Costin Wagner";"";"Deutsche Erstausgabe";"Hamburg : Rowohlt Hundert Augen";"2020";"318 Seiten ; 21 cm, 401 g";"978-3-498-00126-1";"";"";"";"Festeinband : EUR 20.00 (DE), EUR 20.60 (AT)";"ger";"XA-DE-HH";"";"";"";"Inhaltstext [http://deposit.dnb.de/cgi-bin/dokserv?id=0978c6dda7d54d59b1552334354be696&prov=M&dok_var=1&dok_ext=htm]";"";"";"";"Erscheint auch als: ISBN: 9783499001468; Erscheint auch als: ISBN: 9783644004092";"Pikku Siperia";"";"19,N20 , 20,A10"
"810 Englische Literatur Amerikas ; B Belletristik";"ISBN:978-3-426-52432-9 Broschur : EUR 12.99 (DE), EUR 13.40 (AT), 3-426-52432-5, IDN:1182453155";"";"Bruce, Camilla [Verfasser] ; Schnell, Carina [Übersetzer]";"[You let me in] ; Pepper-Man : Roman / Camilla Bruce ; aus dem amerikanischen Englisch von Carina Schnell";"";"Deutsche Erstausgabe";"München : Knaur";"2020";"251 Seiten ; 21 cm, 271 g";"978-3-426-52432-9";"";"";"";"Broschur : EUR 12.99 (DE), EUR 13.40 (AT)";"ger";"XA-DE-BY";"";"";"";"Inhaltstext [http://deposit.dnb.de/cgi-bin/dokserv?id=a85d13477b074f2cac6cd29fdc092fba&prov=M&dok_var=1&dok_ext=htm]";"";"";"";"Erscheint auch als: ISBN: 9783426524336; Erscheint auch als: ISBN: 9783426455326";"You let me in";"";"19,N15 , 20,A42"
"820 Englische Literatur ; B Belletristik";"ISBN:978-3-8479-0059-7 Broschur : EUR 12.00 (DE), EUR 12.40 (AT), CHF 16.50 (freier Preis), 3-8479-0059-5, IDN:1208988824";"";"Edugyan, Esi [Verfasser] ; Assaf, Anabelle [Übersetzer]";"[Edugyan] ; Washington Black : Roman / Esi Edugyan ; aus dem kanadischen Englisch von Anabelle Asaf";"";"Vollständige Taschenbuchausgabe";"Köln : Eichborn";"2020";"508 Seiten ; 19 cm";"978-3-8479-0059-7";"";"";"";"Broschur : EUR 12.00 (DE), EUR 12.40 (AT), CHF 16.50 (freier Preis)";"ger";"XA-DE-NW";"";"";"";"Inhaltstext [http://deposit.dnb.de/cgi-bin/dokserv?id=f33e64ee305a4863b0bdb012bdc5b2c5&prov=M&dok_var=1&dok_ext=htm]";"";"";"";"Erscheint auch als: ISBN: 9783847906650; Erscheint auch als: ISBN: 9783732578429; Erscheint auch als: ISBN: 9783838793146; Erscheint auch als: ISBN: 9783785781814";"Esi Edugyan: Washington Black";"";"20,N18 , 20,A46"
"810 Englische Literatur Amerikas ; B Belletristik";"ISBN:978-3-596-29884-6 Festeinband : circa EUR 19.99 (DE), circa EUR 20.60 (AT), 3-596-29884-9, IDN:1156553970";"";"McGuire, Seanan [Verfasser] ; Layer, Ilse [Übersetzer]";"Der Atem einer anderen Welt / Seanan McGuire ; aus dem amerikanischen Englisch von Ilse Layer";"";"";"Frankfurt am Main : FISCHER Tor";"2019";"461 Seiten ; 22 cm, 655 g";"978-3-596-29884-6";"";"";"";"Festeinband : circa EUR 19.99 (DE), circa EUR 20.60 (AT)";"ger";"XA-DE-HE";"";"";"";"";"";"";"";"Erscheint auch als Seanan McGuire: Der Atem einer anderen Welt";"";"";"18,N18 , 19,A11"
"810 Englische Literatur Amerikas ; B Belletristik";"ISBN:978-3-351-03780-2 Festeinband : EUR 28.00 (DE), EUR 28.80 (AT), 3-351-03780-5, IDN:1171920962";"";"Ellison, Ralph [Verfasser] ; Goyert, Georg [Übersetzer] ; Oeser, Hans-Christian [Mitwirkender]";"[Ellison] ; Der unsichtbare Mann : Roman / Ralph Ellison ; aus dem Amerikanischen von Georg Goyert, vollständig neu überarbeitet von Hans-Christian Oeser";"";"1. Auflage";"Berlin : Aufbau";"2019";"680 Seiten ; 22 cm, 838 g";"978-3-351-03780-2";"";"";"";"Festeinband : EUR 28.00 (DE), EUR 28.80 (AT)";"ger";"XA-DE-BE";"";"";"";"Inhaltstext [http://deposit.dnb.de/cgi-bin/dokserv?id=0f0a0a9d710d465080629110cb6d7297&prov=M&dok_var=1&dok_ext=htm]";"";"";"";"Erscheint auch als Ralph Ellison: Der unsichtbare Mann";"Ralph Ellison: Invisible man";"";"18,N48 , 19,A18"
"820 Englische Literatur ; B Belletristik";"ISBN:978-3-492-28198-0 Broschur : EUR 12.00 (DE), EUR 12.40 (AT), CHF 16.50 (freier Preis), 3-492-28198-2, IDN:1169591035";"";"Pratchett, Terry [Verfasser] ; Brandhorst, Andreas [Übersetzer]";"Gevatter Tod";"";"Ungekürzte Taschenbuchausgabe";"München : Piper";"2019";"327, 286 Seiten ; 19 cm, 433 g";"978-3-492-28198-0";"";"";"";"Broschur : EUR 12.00 (DE), EUR 12.40 (AT), CHF 16.50 (freier Preis)";"ger";"XA-DE-BY";"";"";"Piper Fantasy";"Inhaltstext [http://deposit.dnb.de/cgi-bin/dokserv?id=9f97a7db16b34604901f9963b0e2fb15&prov=M&dok_var=1&dok_ext=htm]";"";"";"";"";"Pratchett";"";"18,N44 , 19,A25"
"810 Englische Literatur Amerikas ; B Belletristik";"ISBN:978-3-453-44032-6 Broschur : EUR 10.99 (DE), EUR 11.30 (AT), CHF 16.90 (freier Preis), 3-453-44032-3, IDN:1173519769";"";"Harris, Thomas [Verfasser] ; Bitz, Ulrich [Übersetzer]";"[Harris] ; Hannibal : Thriller / Thomas Harris ; aus dem Amerikanischen von Ulrich Bitz";"";"Vollständige deutsche Taschenbuchausgabe";"München : Wilhelm Heyne Verlag";"2019";"555 Seiten ; 19 cm";"978-3-453-44032-6";"";"";"";"Broschur : EUR 10.99 (DE), EUR 11.30 (AT), CHF 16.90 (freier Preis)";"ger";"XA-DE-BY";"";"";"";"Inhaltstext [http://deposit.dnb.de/cgi-bin/dokserv?id=45946170b6a5441fb3c16c965228a391&prov=M&dok_var=1&dok_ext=htm]";"";"";"";"Erscheint auch als: ISBN: 9783453437401; Erscheint auch als: ISBN: 9783641191818, Vorangegangen ist";"Thomas Harris: Hannibal";"";"18,N51 , 19,A26"
"810 Englische Literatur Amerikas ; B Belletristik";"ISBN:978-3-453-44087-6 Broschur : EUR 9.99 (DE), EUR 10.30 (AT), CHF 14.50 (freier Preis), 3-453-44087-0, IDN:1173927425";"";"Harris, Thomas [Verfasser] ; Leeb, Sepp [Übersetzer]";"[Harris] ; Hannibal rising : Thriller / Thomas Harris ; aus dem Amerikanischen von Sepp Leeb";"";"Vollständige deutsche Taschenbuchausgabe";"München : Wilhelm Heyne Verlag";"2019";"349 Seiten ; 19 cm";"978-3-453-44087-6";"";"";"";"Broschur : EUR 9.99 (DE), EUR 10.30 (AT), CHF 14.50 (freier Preis)";"ger";"XA-DE-BY";"";"";"";"Inhaltstext [http://deposit.dnb.de/cgi-bin/dokserv?id=fc429b5908ec4ea7aec4a6e10c9f16d2&prov=M&dok_var=1&dok_ext=htm]";"";"";"";"Erscheint auch als: ISBN: 9783453437418; Erscheint auch als: ISBN: 9783641197544; Erscheint auch als: ISBN: 9783837180442, Vorangegangen ist";"Thomas Harris: Hannibal rising";"";"19,N01 , 19,A26"
"820 Englische Literatur ; B Belletristik";"ISBN:978-3-596-52214-9 Festeinband : EUR 12.00 (DE), EUR 12.40 (AT), 3-596-52214-5, IDN:1156556074";"";"Golding, William [Verfasser] ; Torberg, Peter [Übersetzer]";"[Golding] ; Herr der Fliegen : Roman / William Golding ; neu übersetzt von Peter Torberg";"";"";"Frankfurt am Main : FISCHER Taschenbuch";"2019";"315 Seiten ; 15 cm, 194 g";"978-3-596-52214-9";"";"";"";"Festeinband : EUR 12.00 (DE), EUR 12.40 (AT)";"ger";"XA-DE-HE";"";"";"Fischer TaschenBibliothek";"Inhaltsverzeichnis [http://d-nb.info/1156556074/04]";"";"";"";"Erscheint auch als: ISBN: 9783104036670";"William Golding: Lord of the flies";"";"18,N18 , 19,A21"
"810 Englische Literatur Amerikas ; B Belletristik";"ISBN:978-3-95757-766-5 Festeinband : circa EUR 28.00 (DE), circa EUR 28.80 (AT), 3-95757-766-7, IDN:1185294228";"";"Newman, Sandra [Verfasser] ; Adam, Milena [Übersetzer]";"[Newman] ; Ice cream star : Roman / Sandra Newman ; aus dem Englischen von Milena Adam";"";"Erste Auflage";"Berlin : Matthes & Seitz Berlin";"2019";"667 Seiten ; 22 cm, 950 g";"978-3-95757-766-5";"";"";"";"Festeinband : circa EUR 28.00 (DE), circa EUR 28.80 (AT)";"ger";"XA-DE-BE";"";"";"";"Inhaltstext [http://deposit.dnb.de/cgi-bin/dokserv?id=054906d08d684b4db1c2360e69d06c77&prov=M&dok_var=1&dok_ext=htm]; Inhaltsverzeichnis [http://d-nb.info/1185294228/04]";"";"";"";"Erscheint auch als: ISBN: 9783957578150";"Sandra Newman: The country of ice cream star";"";"19,N19 , 19,A37"
"K Kinder- und Jugendliteratur";"ISBN:978-3-96177-048-9 Gewebe : EUR 24.00 (DE), EUR 24.70 (AT), 3-96177-048-4, IDN:1182350445";"";"Egerkrans, Johan [Verfasser] [Illustrator] ; Dörries, Maike [Übersetzer]";"[Nordiska gudar] ; Nordische Götter / aufgezeichnet und illustriert von Johan Egerkrans ; aus dem Schwedischen von Maike Dörries";"";"Deutsche Erstausgabe, 1. Auflage";"[Hamburg] : Woow Books";"2019";"159 Seiten : Illustrationen ; 27 cm";"978-3-96177-048-9";"";"";"";"Gewebe : EUR 24.00 (DE), EUR 24.70 (AT)";"ger";"XA-DE";"";"";"";"Inhaltsverzeichnis [http://d-nb.info/1182350445/04]";"";"";"";"Erscheint auch als Johan Egerkrans: Nordische Götter";"Nordiska gudar";"";"19,N15 , 19,A50 , 04,P01-s-51"
"810 Englische Literatur Amerikas ; B Belletristik";"ISBN:978-3-453-44086-9 Broschur : EUR 9.99 (DE), EUR 10.30 (AT), CHF 14.50 (freier Preis), 3-453-44086-2, IDN:1173519327";"";"Harris, Thomas [Verfasser] ; Leeb, Sepp [Übersetzer]";"[Harris] ; Roter Drache : Thriller / Thomas Harris ; aus dem Amerikanischen von Sepp Leeb";"";"Vollständige deutsche Taschenbuchausgabe";"München : Wilhelm Heyne Verlag";"2019";"507 Seiten ; 19 cm";"978-3-453-44086-9";"";"";"";"Broschur : EUR 9.99 (DE), EUR 10.30 (AT), CHF 14.50 (freier Preis)";"ger";"XA-DE-BY";"";"";"";"Inhaltstext [http://deposit.dnb.de/cgi-bin/dokserv?id=06aa3335aa564d57ad4155522d5a32f2&prov=M&dok_var=1&dok_ext=htm]";"";"";"";"Erscheint auch als: ISBN: 9783453437425; Erscheint auch als: ISBN: 9783641215743, Vorangegangen ist";"Thomas Harris: Red dragon";"";"18,N51 , 19,A26"
"810 Englische Literatur Amerikas ; B Belletristik";"ISBN:978-3-426-52260-8 Broschur : EUR 9.99 (DE), EUR 10.30 (AT), 3-426-52260-8, IDN:1155492714";"";"Tomlinson, Patrick S. [Verfasser] ; Hoffmann, Oliver [Übersetzer]";"[Trident's forge] ; The colony : ein neuer Anfang : Roman / Patrick S. Tomlinson ; aus dem Amerikanischen von Oliver Hoffmann";"";"Deutsche Erstausgabe";"München : Knaur";"2019";"528 Seiten ; 19 cm";"978-3-426-52260-8";"";"";"";"Broschur : EUR 9.99 (DE), EUR 10.30 (AT)";"ger";"XA-DE";"";"";"";"";"";"";"";"Erscheint auch als: ISBN: 9783426451915";"Trident's forge";"";"18,N15 , 19,A46"
"796 Sport";"ISBN:978-3-492-31262-2 Broschur : EUR 10.00 (DE), EUR 10.30 (AT), CHF 13.90 (freier Preis), 3-492-31262-4, IDN:1142558754";"";"Kuhlhoff, Benjamin [Verfasser] ; Behnisch, Ilja [Verfasser]";"Alles Amateure : warum die Kreisliga unsere wahre Liebe ist / Benjamin Kuhlhoff & Ilja Behnisch";"";"Originalausgabe";"München : Piper";"2018";"206 Seiten ; 19 cm, 221 g";"978-3-492-31262-2";"";"";"";"Broschur : EUR 10.00 (DE), EUR 10.30 (AT), CHF 13.90 (freier Preis)";"ger";"XA-DE-BY";"";"";"Piper ; 31262";"Inhaltstext [http://deposit.dnb.de/cgi-bin/dokserv?id=e7904da444bc4b199845f3d25530502d&prov=M&dok_var=1&dok_ext=htm]";"http://d-nb.info/015122727";"";"";"Erscheint auch als: ISBN: 9783492979634; Erscheint auch als Benjamin Kuhlhoff: Alles Amateure";"";"";"17,N44 , 18,A17"
"";"URN:urn:nbn:de:101:1-2018022513764, URL:http://nbn-resolving.de/urn:nbn:de:101:1-2018022513764, URL:http://d-nb.info/1153327554/34, URL:http://www.randomhouse.de/book/edition.rhd?isbn=9783641231309, ISBN:978-3-641-23130-9, IDN:1153327554";"Online-Ressource";"Hogan, James P. [Verfasser] ; Körber, Joachim [Übersetzer]";"[Code of the Lifemaker] ; Der Schöpfungscode : Roman / James P. Hogan";"";"";"München : Heyne Verlag";"2018";"Online-Ressourcen";"978-3-641-23130-9";"";"";"";"";"ger";"XA-DE-BY";"";"";"";"";"";"";"";"Erscheint auch als James P. Hogan: Der Schöpfungscode";"Code of the Lifemaker";"";"18,O03"
"830 Deutsche Literatur ; B Belletristik";"ISBN:978-3-426-51780-2 Broschur : EUR 10.99 (DE), EUR 11.30 (AT), 3-426-51780-9, IDN:1144215242";"";"Heitz, Markus [Verfasser]";"Des Teufels Gebetbuch : Roman / Markus Heitz";"";"Vollständige Taschenbuchausgabe";"München : Knaur";"2018";"671 Seiten ; 19 cm";"978-3-426-51780-2";"";"";"";"Broschur : EUR 10.99 (DE), EUR 11.30 (AT)";"ger";"XA-DE-BY";"";"";"Knaur ; 51780";"";"http://d-nb.info/015116468";"";"";"Erscheint auch als: ISBN: 9783426434529";"";"";"17,N47 , 18,A16"
"820 Englische Literatur ; B Belletristik";"ISBN:978-3-499-27250-9 Broschur : EUR 9.99 (DE), EUR 10.30 (AT), 3-499-27250-4, IDN:1147602158";"";"Harper, Jane [Verfasser] ; Wasel, Ulrike [Übersetzer] ; Timmermann, Klaus [Übersetzer]";"[Harper] ; Hitze : Thriller / Jane Harper ; aus dem Englischen von Ulrike Wasel und Klaus Timmermann";"";"";"Reinbek bei Hamburg : Rowohlt Taschenbuch Verlag";"2018";"380 Seiten ; 19 cm";"978-3-499-27250-9";"";"";"";"Broschur : EUR 9.99 (DE), EUR 10.30 (AT)";"ger";"XA-DE-SH";"";"";"Rororo ; 27250";"";"http://d-nb.info/010429638";"";"";"Erscheint auch als: ISBN: 9783644224117";"Jane Harper: The dry";"";"17,N49 , 18,A32"
"820 Englische Literatur ; B Belletristik";"ISBN:978-3-96188-017-1 Broschur : EUR 13.95 (DE), EUR 14.40 (AT), 3-96188-017-4, IDN:1135946264";"";"Aldiss, Brian Wilson [Verfasser] ; Blendl, Andrea [Übersetzer]";"[Non-stop] ; Starship - verloren im Weltraum / Brian Aldiss ; deutschsprachige Übersetzung: Andrea Blendl";"";"1. Auflage";"Frankfurt am Main : Mantikore Verlag";"2018";"344 Seiten ; 21 cm";"978-3-96188-017-1";"";"";"";"Broschur : EUR 13.95 (DE), EUR 14.40 (AT)";"ger";"XA-DE-HE";"";"";"";"";"";"";"";"Erscheint auch als Brian Wilson Aldiss: Starship - Verloren im Weltraum";"Non-stop";"";"17,N27 , 18,A42"
"820 Englische Literatur ; B Belletristik";"ISBN:978-3-426-65440-8 Festeinband, IDN:1138570095";"";"Hodgson, Antonia [Verfasser] ; Rebernik-Heidegger, Sonja [Übersetzer]";"[A death at Fountains Abbey] ; Das Sündenhaus : historischer Thriller / Antonia Hodgson ; aus dem Englischen von Sonja Rebernik-Heidegger";"";"";"München : Knaur";"2017";"413 Seiten ; 22 cm";"978-3-426-65440-8";"";"";"";"Festeinband";"ger";"XA-DE";"";"";"";"";"";"";"";"Erscheint auch als Antonia Hodgson: Das Sündenhaus";"A death at Fountains Abbey";"";"18,A21"
"830 Deutsche Literatur ; B Belletristik";"ISBN:978-3-86282-473-1 Broschur : circa EUR 13.00 (DE), circa EUR 13.40 (AT), circa CHF 14.00 (freier Preis), 3-86282-473-X, IDN:1115885677";"";"Wilckens, Carl [Verfasser]";"Das Tagebuch / Carl Wilckens";"";"Originalausgabe";"Hamburg : acabus";"2017";"255 Seiten ; 21 cm";"978-3-86282-473-1";"";"";"";"Broschur : circa EUR 13.00 (DE), circa EUR 13.40 (AT), circa CHF 14.00 (freier Preis)";"ger";"XA-DE-HH";"";"";"Carl Wilckens: 13 : Verfasser : [2017]- ; Band 1";"";"http://d-nb.info/1155016270";"";"";"Erscheint auch als: ISBN: 9783862824748; Erscheint auch als: ISBN: 9783862824755";"";"";"16,N42 , 18,A21"
"820 Englische Literatur ; B Belletristik";"ISBN:978-3-426-51507-5 Broschur, IDN:1140645323";"";"Hodgson, Antonia [Verfasser] ; Volk, Katharina [Übersetzer] ; Rebernik-Heidegger, Sonja [Übersetzer]";"[The last confession of Thomas Hawkins] ; Der Galgenvogel : historischer Thriller / Antonia Hodgson ; aus dem Englischen von Katharina Volk und Sonja Rebernik-Heidegger";"";"Vollständige Taschenbuchausgabe";"München : Knaur Taschenbuch";"2017";"459 Seiten ; 19 cm";"978-3-426-51507-5";"";"";"";"Broschur";"ger";"XA-DE";"";"";"Knaur ; 51507";"";"http://d-nb.info/015116468";"";"";"";"The last confession of Thomas Hawkins";"";"17,A45"
"839 Literatur in anderen germanischen Sprachen ; B Belletristik";"ISBN:978-1-5420-4969-6 Broschur : EUR 9.99 (DE), EUR 7.99 (DE) (Subskriptionspreis bis 11.12.2017), 1-5420-4969-5, IDN:114438592X";"";"Stefán Máni [Verfasser] ; Wetzig, Karl-Ludwig [Übersetzer]";"[Nautið] ; Der Stier und das Mädchen : ein Island-Thriller / Stefán Máni ; aus dem Isländischen von Karl-Ludwig Wetzig";"";"Deutsche Erstveröffentlichung";"Luxembourg : Edition M";"2017";"239 Seiten ; 19 cm, 299 g";"978-1-5420-4969-6";"";"";"";"Broschur : EUR 9.99 (DE), EUR 7.99 (DE) (Subskriptionspreis bis 11.12.2017)";"ger";"XA-LU";"";"";"";"";"";"";"";"";"Nautið";"";"17,N47 , 94,P01"
"K Kinder- und Jugendliteratur";"ISBN:978-3-649-67127-5 Broschur : EUR 14.95 (DE), EUR 15.40 (AT), sfr 21.00 (freier Preis), 3-649-67127-1, IDN:1100707190";"";"Puhlfürst, Claudia [Verfasser]";"Fürchte die Nacht / Claudia Puhlfürst";"";"[1. Auflage]";"Münster : Coppenrath";"2017";"363 Seiten : Illustrationen ; 21 cm";"978-3-649-67127-5";"";"";"";"Broschur : EUR 14.95 (DE), EUR 15.40 (AT), sfr 21.00 (freier Preis)";"ger";"XA-DE-NW";"";"";"";"Inhaltstext [http://deposit.dnb.de/cgi-bin/dokserv?id=f38d50c8213846c181f82a8d76bb110d&prov=M&dok_var=1&dok_ext=htm]";"";"";"";"Erscheint auch als Claudia Puhlfürst: Fürchte die Nacht";"";"";"16,N21 , 17,A25"
"839 Literatur in anderen germanischen Sprachen ; B Belletristik";"URN:urn:nbn:de:101:1-20170117433, URL:http://nbn-resolving.de/urn:nbn:de:101:1-20170117433, URL:http://d-nb.info/1123573662/34, ISBN:978-3-7325-3874-4, IDN:1123573662";"Online-Ressource";"Ajvide Lindqvist, John [Verfasser]";"Im Verborgenen : . / John Ajvide Lindqvist";"";"";"Köln : beBEYOND by Bastei Entertainment";"2017";"Online-Ressource";"978-3-7325-3874-4";"";"";"";"";"ger";"XA-DE-NW";"";"";"";"";"";"";"";"Erscheint auch als John Ajvide Lindqvist: Im Verborgenen";"";"";"17,O02"
"830 Deutsche Literatur ; B Belletristik";"ISBN:978-3-499-29078-7 Broschur : EUR 9.99 (DE), EUR 10.30 (AT), 3-499-29078-2, IDN:1119918960";"";"Stricker, Sven [Verfasser]";"Mensch, Rüdiger! : Roman / Sven Stricker";"";"Originalausgabe";"Reinbek bei Hamburg : Rowohlt Taschenbuch Verlag";"2017";"414 Seiten ; 19 cm";"978-3-499-29078-7";"";"";"";"Broschur : EUR 9.99 (DE), EUR 10.30 (AT)";"ger";"XA-DE-SH";"";"";"Rororo ; 29078";"Inhaltstext [http://deposit.dnb.de/cgi-bin/dokserv?id=cba090d8cd8a448da16edac88fa58ab5&prov=M&dok_var=1&dok_ext=htm]";"http://d-nb.info/010429638";"";"";"Erscheint auch als Sven Stricker: Mensch, Rüdiger!";"";"";"16,N48 , 18,A21"
"810 Englische Literatur Amerikas ; B Belletristik";"ISBN:978-3-426-52073-4 Broschur : EUR 10.99 (DE), EUR 11.30 (AT), 3-426-52073-7, IDN:1119348005";"";"Bradbury, Ray [Verfasser] ; Plaschka, Oliver [Übersetzer]";"S is for space : meisterhafte Storys / Ray Bradbury ; aus dem Amerikanischen von Oliver Plaschka";"";"Deutsche Erstausgabe";"München : Knaur";"2017";"284 Seiten ; 19 cm";"978-3-426-52073-4";"";"";"";"Broschur : EUR 10.99 (DE), EUR 11.30 (AT)";"ger";"XA-DE-BY";"";"";"Knaur ; 52073";"Inhaltstext [http://deposit.dnb.de/cgi-bin/dokserv?id=7c7af1b005044bb6aecae3efd1a6d108&prov=M&dok_var=1&dok_ext=htm]; Inhaltsverzeichnis [http://d-nb.info/1119348005/04]";"http://d-nb.info/015116468";"";"";"";"";"";"16,N47 , 18,A10"
"810 Englische Literatur Amerikas ; B Belletristik";"ISBN:978-3-426-52048-2 Broschur : EUR 9.99 (DE), EUR 10.30 (AT), 3-426-52048-6, IDN:1119351650";"";"Tomlinson, Patrick S. [Verfasser] ; Mäurer, Markus [Übersetzer]";"The ark : die letzte Reise der Menschheit : Roman / Patrick S. Tomlinson ; aus dem Englischen von Markus Mäurer";"";"Deutsche Erstausgabe";"München : Knaur";"2017";"415 Seiten ; 19 cm";"978-3-426-52048-2";"";"";"";"Broschur : EUR 9.99 (DE), EUR 10.30 (AT)";"ger";"XA-DE-BY";"";"";"Knaur ; 52048";"Inhaltstext [http://deposit.dnb.de/cgi-bin/dokserv?id=c3a6059874a44abbb692a61bf9a11bff&prov=M&dok_var=1&dok_ext=htm]";"http://d-nb.info/015116468";"";"";"";"";"";"16,N47 , 17,A16"
"839 Literatur in anderen germanischen Sprachen ; B Belletristik";"ISBN:978-3-499-29055-8 Broschur : EUR 14.99 (DE), EUR 15.50 (AT), 3-499-29055-3, IDN:1119919061";"";"Bakkeid, Heine [Verfasser] ; Allenstein, Ursel [Übersetzer]";"[Jeg skal savne deg i morgen] ; ... und morgen werde ich dich vermissen : Thriller / Heine Bakkeid ; aus dem Norwegischen von Ursel Allenstein";"";"Deutsche Erstausgabe";"Reinbek bei Hamburg : Rowohlt Polaris";"2017";"411 Seiten ; 21 cm";"978-3-499-29055-8";"";"";"";"Broschur : EUR 14.99 (DE), EUR 15.50 (AT)";"ger";"XA-DE-SH";"";"";"";"Inhaltstext [http://deposit.dnb.de/cgi-bin/dokserv?id=cf3c4fedde114d899371a4185cc7f3d1&prov=M&dok_var=1&dok_ext=htm]";"";"";"";"";"Jeg skal savne deg i morgen";"";"16,N48 , 17,A35"
"830 Deutsche Literatur ; B Belletristik";"ISBN:978-3-95889-100-5 Broschur : ca. EUR 13.40 (AT), ca. sfr 18.90 (freier Pr.), ca. EUR 12.95 (DE), 3-95889-100-4, IDN:1079540040";"";"Häring, Volker [Verfasser]";"Beijing Baby : China-Krimi / Volker Häring";"";"1. Auflage";"Meerbusch : Conbook Medien";"2016";"318 Seiten ; 21 cm";"978-3-95889-100-5";"";"";"";"Broschur : ca. EUR 13.40 (AT), ca. sfr 18.90 (freier Pr.), ca. EUR 12.95 (DE)";"ger";"XA-DE-NW";"";"";"";"";"";"";"Peking ; Nachtleben ; Schauspielerin ; Mord ; Aufklärung &lt;Kriminologie>";"Erscheint auch als Volker Häring: Beijing Baby";"";"";"15,N50 , 16,A41"
"810 Englische Literatur Amerikas ; B Belletristik";"URN:urn:nbn:de:101:1-2016110724675, URL:http://nbn-resolving.de/urn:nbn:de:101:1-2016110724675, URL:http://d-nb.info/1118427106/34, URL:http://www.klett-cotta.de, ISBN:978-3-608-10077-8, IDN:1118427106";"Online-Ressource";"Keyes, Daniel [Verfasser]";"[Flowers for Algernon] ; Blumen für Algernon : Roman / Daniel Keyes";"";"5. Aufl.";"Stuttgart : Klett-Cotta";"2016";"Online-Ressource";"978-3-608-10077-8";"";"";"";"";"ger";"XA-DE-BW";"";"";"";"Auszug [http://www.newbooks-services.de/CustomerLiterature/Texts/7/9783608960297_Excerpt_001.pdf]";"";"";"";"";"Flowers for Algernon";"";"16,O12"
"810 Englische Literatur Amerikas ; B Belletristik";"ISBN:978-3-596-90560-7 Broschur : EUR 11.30 (AT), EUR 10.99 (DE), 3-596-90560-5, IDN:1078036284";"";"Dick, Philip K. [Verfasser] ; Mader, Friedrich [Übersetzer]";"[Dr. Bloodmoney or How we got along after the bomb] ; Nach der Bombe : Roman / Philip K. Dick ; aus dem Amerikanischen von Friedrich Mader";"";"";"Frankfurt am Main : Fischer Taschenbuch";"2016";"271 Seiten ; 19 cm";"978-3-596-90560-7";"";"";"";"Broschur : EUR 11.30 (AT), EUR 10.99 (DE)";"ger";"XA-DE-HE";"";"";"Fischer ; 90560; Fischer Klassik";"Inhaltstext [http://deposit.dnb.de/cgi-bin/dokserv?id=87121f9186db47d9be27876b5ffbced9&prov=M&dok_var=1&dok_ext=htm]";"http://d-nb.info/010293345";"";"";"Erscheint auch als Philip K. Dick: Nach der Bombe";"Dr. Bloodmoney or How we got along after the bomb";"";"15,N45 , 16,A20"
"820 Englische Literatur ; B Belletristik";"ISBN:978-3-492-70349-9 Broschur : EUR 20.60 (AT), sfr 26.90 (freier Pr.), EUR 20.00 (DE), 3-492-70349-6, IDN:1078866481";"";"Christopher, John [Verfasser] ; Schaller, Wolfgang [Übersetzer] ; Rahn, Sabine [Mitwirkender]";"[The Tripods] ; Tripods : die dreibeinigen Herrscher : die komplette Saga / John Christopher ; aus dem Englischen von Wolfgang Schaller";"";"Sonderausgabe";"München ; Berlin ; Wien : Piper";"2016";"725 Seiten : Illustrationen ; 22 cm";"978-3-492-70349-9";"";"";"";"Broschur : EUR 20.60 (AT), sfr 26.90 (freier Pr.), EUR 20.00 (DE)";"ger";"XA-DE-BY";"";"";"";"Inhaltstext [http://deposit.dnb.de/cgi-bin/dokserv?id=e37911239a7d4c59ac170a4a653887e4&prov=M&dok_var=1&dok_ext=htm]; Inhaltsverzeichnis [http://d-nb.info/1078866481/04]";"";"";"";"Erscheint auch als: ISBN: 9783492972987; Erscheint auch als John Christopher: Tripods. Die dreibeinigen Herrscher";"The Tripods";"";"15,N48 , 16,A26"
"810 Englische Literatur Amerikas ; B Belletristik";"ISBN:978-3-596-31148-4 : EUR 19.99 (DE), EUR 20.60 (AT), 3-596-31148-9, IDN:1103690086";"";"Styron, William ; Danehl, Günther";"[Set This House on Fire] ; Und legte Feuer an dies Haus : Roman / William Styron";"";"1. Auflage";"Frankfurt am Main : FISCHER Taschenbuch";"2016";"612 Seiten ; 19 cm x 12.5 cm, 660 g";"978-3-596-31148-4";"";"";"";"EUR 19.99 (DE), EUR 20.60 (AT)";"ger";"XA-DE-HE";"Juni 2016";"";"";"Inhaltstext [http://deposit.dnb.de/cgi-bin/dokserv?id=de0633ca20884599bbd1f2d08d7f4350&prov=M&dok_var=1&dok_ext=htm]";"";"";"";"Erscheint auch als William Styron: Und legte Feuer an dies Haus; Erscheint auch als: ISBN: 9783100765017; Erscheint auch als: ISBN: 9783105611494";"Set This House on Fire";"";"16,N25"
"820 Englische Literatur ; B Belletristik";"ISBN:978-3-8479-0587-5 kart. : EUR 14.00 (DE), EUR 14.40 (AT) (freier Pr.), sfr 20.90 (freier Pr.), 3-8479-0587-2, IDN:1060743752";"";"Gaiman, Neil [Verfasser] ; Riffel, Hannes [Übersetzer]";"American gods : [Roman ; Director's Cut] / Neil Gaiman. Aus dem Engl. von Hannes Riffel";"";"";"[Köln] : Eichborn";"2015";"671 S. ; 22 cm";"978-3-8479-0587-5";"";"";"";"kart. : EUR 14.00 (DE), EUR 14.40 (AT) (freier Pr.), sfr 20.90 (freier Pr.)";"ger";"XA-DE-NW";"";"";"";"Inhaltstext [http://deposit.dnb.de/cgi-bin/dokserv?id=4821950&prov=M&dok_var=1&dok_ext=htm]";"";"";"";"Online-Ausg. Neil Gaiman: American Gods";"American gods <dt.>";"";"14,N47 , 15,A24"
"830 Deutsche Literatur ; B Belletristik";"ISBN:978-3-499-27044-4 Broschur : EUR 9.99 (DE), EUR 10.30 (AT), sfr 14.90 (freier Pr.), 3-499-27044-7, IDN:1061001229";"";"Bergmann, Renate [Verfasser]";"Das bisschen Hüfte, meine Güte : die Online-Omi muss in Reha / Renate Bergmann";"";"Originalausgabe";"Reinbek bei Hamburg : Rowohlt Taschenbuch Verlag";"2015";"252 Seiten : Illustrationen ; 19 cm";"978-3-499-27044-4";"";"";"";"Broschur : EUR 9.99 (DE), EUR 10.30 (AT), sfr 14.90 (freier Pr.)";"ger";"XA-DE-SH";"";"";"Rororo ; 27044";"Inhaltstext [http://deposit.dnb.de/cgi-bin/dokserv?id=4826584&prov=M&dok_var=1&dok_ext=htm]";"http://d-nb.info/010429638";"";"Berlin-Spandau ; Frau ; Hohes Alter ; Anschlussheilbehandlung";"";"";"";"14,N48 , 15,A43"
"820 Englische Literatur ; B Belletristik";"ISBN:978-3-492-30556-3 kart. : EUR 9.99 (DE), EUR 10.30 (AT), sfr 14.90 (freier Pr.), 3-492-30556-3, IDN:1062568354";"";"Boyne, John [Verfasser] ; Löcher-Lawrence, Werner [Übersetzer]";"Der freundliche Mr Crippen : Roman / John Boyne. Aus dem Engl. von Werner Löcher-Lawrence";"";"Ungekürzte Taschenbuchausg.";"München ; Berlin ; Zürich : Piper";"2015";"521 S. ; 19 cm";"978-3-492-30556-3";"";"";"";"kart. : EUR 9.99 (DE), EUR 10.30 (AT), sfr 14.90 (freier Pr.)";"ger";"XA-DE-BY";"";"";"Piper ; 30556";"Inhaltsverzeichnis [http://d-nb.info/1062568354/04]; Inhaltstext [http://deposit.dnb.de/cgi-bin/dokserv?id=4834297&prov=M&dok_var=1&dok_ext=htm]";"http://d-nb.info/015122727";"";"";"";"Crippen <dt.>";"";"14,N49 , 15,A22"
"830 Deutsche Literatur ; B Belletristik";"ISBN:978-3-95451-503-5 kart. : EUR 9.90 (DE), EUR 10.20 (AT), sfr 14.90 (freier Pr.), IDN:1061200469";"";"Frühling, Tim [Verfasser]";"Der Kommissar in Badeshorts : Fuerteventura-Krimi / Tim Frühling";"";"Orig.-Ausg.";"[Köln] : Emons";"2015";"176 S. ; 21 cm";"978-3-95451-503-5";"";"";"";"kart. : EUR 9.90 (DE), EUR 10.20 (AT), sfr 14.90 (freier Pr.)";"ger";"XA-DE-NW";"";"";"Emons: Kriminalroman";"Inhaltstext [http://deposit.dnb.de/cgi-bin/dokserv?id=4830544&prov=M&dok_var=1&dok_ext=htm]";"";"";"";"";"";"";"14,N48 , 15,A24"
"860 Spanische und portugiesische Literatur ; B Belletristik";"ISBN:978-3-442-74529-6 kart. : EUR 10.99 (DE), EUR 11.30 (AT), 3-442-74529-2, IDN:1070341061";"";"Saramago, José [Verfasser] ; Mertin, Ray-Güde [Übersetzer]";"Die Stadt der Blinden : Roman / José Saramago. Aus dem Port. von Ray-Güde Mertin";"";"Genehmigte Taschenbuchausg., 1. Aufl.";"München : btb";"2015";"397 S. ; 19 cm";"978-3-442-74529-6";"";"";"";"kart. : EUR 10.99 (DE), EUR 11.30 (AT)";"ger";"XA-DE-BY";"";"";"btb ; 74529";"";"http://d-nb.info/94756649X";"";"Epidemie ; Blindheit ; Isolierung &lt;Medizin> ; Belletristische Darstellung";"";"Ensaio sobre a cegueira <dt.>";"";"15,N19 , 15,A38"
"830 Deutsche Literatur ; B Belletristik";"ISBN:978-3-940138-90-3 kart. : EUR 14.99 (DE), EUR 15.50 (AT), sfr 25.00 (freier Pr.), IDN:1051957087";"";"Krücken, Stefan [Mitwirkender] ; Prahl, Axel [Mitwirkender]";"[Wilde Welle] ; Axel Prahl präsentiert: Wilde Welle : die besten Geschichten alter Kapitäne / ausgew., eingeleitet und kommentiert von Axel Prahl. Aufgeschrieben von Stefan Kruecken";"";"Orig.-Ausg.";"Hollenstedt : Ankerherz";"2014";"200 S. : Ill., Kt. ; 21 cm";"978-3-940138-90-3";"";"";"";"kart. : EUR 14.99 (DE), EUR 15.50 (AT), sfr 25.00 (freier Pr.)";"ger";"XA-DE-NI";"";"";"Edition Campfire ; 08";"Inhaltsverzeichnis [http://d-nb.info/1051957087/04]; Inhaltstext [http://deposit.dnb.de/cgi-bin/dokserv?id=4685423&prov=M&dok_var=1&dok_ext=htm]";"http://d-nb.info/1050235916";"";"";"Online-Ausg. Stefan Krücken: Wilde Welle";"";"";"14,N24 , 15,A37"
"820 Englische Literatur ; B Belletristik";"URN:urn:nbn:de:101:1-201410222869, URL:http://nbn-resolving.de/urn:nbn:de:101:1-201410222869, URL:http://d-nb.info/1059806452/34, URL:http://www.droemer-knaur.de/, ISBN:978-3-426-42236-6, IDN:1059806452";"Online-Ressource";"Hodgson, Antonia [Verfasser] ; Volk, Katharina [Übersetzer]";"Das Teufelsloch : Roman / Antonia Hodgson";"";"1. Aufl.";"München : Knaur eBook";"2014";"Online-Ressource";"978-3-426-42236-6";"";"";"";"";"ger";"XA-DE-BY";"";"";"";"";"";"";"";"Druckausg.: ISBN: 978-3-426-65345-6; Druckausg. Antonia Hodgson: Das Teufelsloch";"";"";"14,O11"
"810 Englische Literatur Amerikas ; B Belletristik";"ISBN:978-3-453-31583-9 kart. : EUR 14.99 (DE), EUR 15.50 (AT), sfr 21.90 (freier Pr.), 3-453-31583-9, IDN:105050559X";"";"Weir, Andy [Verfasser] ; Langowski, Jürgen [Übersetzer]";"Der Marsianer : Roman / Andy Weir. Aus dem Amerikan. von Jürgen Langowski";"";"";"München : Heyne";"2014";"508 S. : graph. Darst. ; 21 cm";"978-3-453-31583-9";"";"";"";"kart. : EUR 14.99 (DE), EUR 15.50 (AT), sfr 21.90 (freier Pr.)";"ger";"XA-DE-BY";"";"";"";"Inhaltstext [http://deposit.dnb.de/cgi-bin/dokserv?id=4652031&prov=M&dok_var=1&dok_ext=htm]";"";"";"";"Online-Ausg. Andy Weir: Der Marsianer";"The Martian <dt.>";"";"14,N19 , 14,A45"
"810 Englische Literatur Amerikas ; B Belletristik";"URN:urn:nbn:de:101:1-201408237927, URL:http://nbn-resolving.de/urn:nbn:de:101:1-201408237927, URL:http://d-nb.info/1056855266/34, ISBN:978-3-446-24541-9, 3-446-24541-3, IDN:1056855266";"Online-Ressource";"Hawthorne, Nathaniel [Verfasser] ; Brôcan, Jürgen [Herausgeber] [Übersetzer]";"Der scharlachrote Buchstabe / Nathaniel Hawthorne";"";"";"München : Hanser, Carl";"2014";"Online-Ressource";"978-3-446-24541-9";"";"";"";"";"ger";"XA-DE-BY";"";"";"";"Auszug [http://files.hanser.de/hanser/docs/20140204_20140204105943502_978-3-446-24541-9-Leseprobe.pdf]";"";"";"";"Druckausg.: ISBN: 978-3-446-24490-0; Druckausg. Nathaniel Hawthorne: Der scharlachrote Buchstabe";"";"";"14,O09"
"830 Deutsche Literatur ; B Belletristik";"ISBN:978-3-462-04662-5 kart. : EUR 9.99 (DE), EUR 10.30 (AT), sfr 14.50 (freier Pr.), 3-462-04662-4, IDN:1044553073";"";"Hillenbrand, Tom [Verfasser]";"Drohnenland : Kriminalroman / Tom Hillenbrand";"";"Orig.-Ausg., 1. Aufl.";"Köln : Kiepenheuer & Witsch";"2014";"422 S. ; 19 cm";"978-3-462-04662-5";"";"";"";"kart. : EUR 9.99 (DE), EUR 10.30 (AT), sfr 14.50 (freier Pr.)";"ger";"XA-DE-NW";"";"";"KiWi ; 1265";"Inhaltstext [http://deposit.dnb.de/cgi-bin/dokserv?id=4519971&prov=M&dok_var=1&dok_ext=htm]";"http://d-nb.info/010432752";"";"";"";"";"";"13,N49 , 14,A21"
"830 Deutsche Literatur ; B Belletristik";"ISBN:978-3-499-23690-7 kart. : EUR 9.99 (DE), EUR 10.30 (AT), sfr 14.90 (freier Pr.), 3-499-23690-7, IDN:1044315113";"";"Bergmann, Renate [Verfasser]";"Ich bin nicht süß, ich hab bloß Zucker : eine Online-Omi sagt, wie's ist / Renate Bergmann";"";"Orig.-Ausg.";"Reinbek bei Hamburg : Rowohlt-Taschenbuch-Verl.";"2014";"223 S. ; 19 cm";"978-3-499-23690-7";"";"";"";"kart. : EUR 9.99 (DE), EUR 10.30 (AT), sfr 14.90 (freier Pr.)";"ger";"XA-DE-SH";"";"";"Rororo ; 23690";"Inhaltstext [http://deposit.dnb.de/cgi-bin/dokserv?id=4507940&prov=M&dok_var=1&dok_ext=htm]";"http://d-nb.info/010429638";"";"Berlin-Spandau ; Frau ; Hohes Alter ; Alltag ; Belletristische Darstellung";"";"";"";"13,N48 , 14,A32"
"";"URN:urn:nbn:de:101:1-2014083122034, URL:http://nbn-resolving.de/urn:nbn:de:101:1-2014083122034, URL:http://d-nb.info/105783694X/34, URL:http://www.randomhouse.de/book/edition.jsp?isbn=9783641126810, ISBN:978-3-641-12681-0, IDN:105783694X";"Online-Ressource";"Harrison, Harry [Verfasser] ; Westermayr, Tony [Übersetzer]";"New York 1999 : Roman / Harry Harrison";"";"";"München : Heyne Verlag";"2014";"Online-Ressource";"978-3-641-12681-0";"";"";"";"";"ger";"XA-DE-BY";"";"";"";"";"";"";"";"Druckausg.: ISBN: 978-3-641-12681-0; Druckausg.: ISBN: 978-3-641-12681-0; Druckausg.";"Make Room! Make Room! <dt.>";"";"14,O10"
"810 Englische Literatur Amerikas ; B Belletristik";"ISBN:978-3-453-43686-2 kart. : EUR 10.99 (DE), EUR 11.30 (AT), sfr 16.50 (freier Pr.), 3-453-43686-5, IDN:1028147961";"";"King, Stephen [Verfasser] ; Körber, Joachim [Übersetzer]";"Albträume = Nightmares & Dreamscapes / Stephen King. Aus dem Amerikan. von Joachim Körber";"";"Vollst. dt. Taschenbuchausg.";"München : Heyne";"2013";"1070 S. ; 19 cm";"978-3-453-43686-2";"";"";"";"kart. : EUR 10.99 (DE), EUR 11.30 (AT), sfr 16.50 (freier Pr.)";"ger";"XA-DE-BY";"";"";"";"";"";"";"";"";"Nightmares & Dreamscapes <dt.>";"";"12,N49 , 13,A41"
"820 Englische Literatur ; B Belletristik";"ISBN:978-3-458-35915-9 kart. : EUR 9.99 (DE), EUR 10.30 (AT), sfr 14.90 (freier Pr.), 3-458-35915-X, IDN:1028543816";"";"Horowitz, Anthony [Verfasser] ; Wolff, Lutz-Werner [Übersetzer]";"Das Geheimnis des weißen Bandes : ein Sherlock-Holmes-Roman / Anthony Horowitz. Aus dem Engl. von Lutz-W. Wolff. Conan Doyle Estate Ltd.";"";"1. Aufl.";"Berlin : Insel-Verl.";"2013";"352 S. ; 19 cm";"978-3-458-35915-9";"";"";"";"kart. : EUR 9.99 (DE), EUR 10.30 (AT), sfr 14.90 (freier Pr.)";"ger";"XA-DE-BE";"";"";"Insel-Taschenbuch ; 4215";"";"http://d-nb.info/014538911";"";"";"";"The house of silk <dt.>";"";"12,N50 , 13,A34"
"830 Deutsche Literatur ; B Belletristik";"ISBN:978-3-426-51370-5 kart. : EUR 9.99 (DE), EUR 10.30 (AT), 3-426-51370-6, IDN:1034325965";"";"Gilbers, Harald [Verfasser]";"Germania : Roman / Harald Gilbers";"";"Orig.-Ausg.";"München : Knaur-Taschenbuch";"2013";"537 S. ; 19 cm";"978-3-426-51370-5";"";"";"";"kart. : EUR 9.99 (DE), EUR 10.30 (AT)";"ger";"XA-DE-BY";"";"";"Knaur ; 51370";"Inhaltstext [http://deposit.dnb.de/cgi-bin/dokserv?id=4322324&prov=M&dok_var=1&dok_ext=htm]";"http://d-nb.info/015116468";"";"";"";"";"";"13,N21 , 13,A47"
"830 Deutsche Literatur ; B Belletristik";"ISBN:978-3-458-35901-2 Pp. : EUR 10.00 (DE), ca. EUR 10.30 (AT), ca. sfr 14.90 (freier Pr.), 3-458-35901-X, IDN:1022507230";"";"Zweig, Stefan [Verfasser] ; Unseld, Siegfried [Mitwirkender]";"Schachnovelle / Stefan Zweig. Mit einem Nachw. von Siegfried Unseld";"";"1. Aufl.";"Berlin : Insel-Verl.";"2013";"115 S. ; 20 cm";"978-3-458-35901-2";"";"";"";"Pp. : EUR 10.00 (DE), ca. EUR 10.30 (AT), ca. sfr 14.90 (freier Pr.)";"ger";"XA-DE-BE";"";"";"Insel-Taschenbuch ; 4201";"";"http://d-nb.info/014538911";"";"Brasilien ; Flüchtling ; Schachspieler ; Österreicher ; Geschichte 1940 ; Belletristische Darstellung";"Online-Ausg. Stefan Zweig: Schachnovelle";"";"";"12,N22 , 13,A06"
"";"URN:urn:nbn:de:101:1-2013052810494, URL:http://nbn-resolving.de/urn:nbn:de:101:1-2013052810494, URL:http://d-nb.info/103519418X/34, URL:http://www.luebbe.de, ISBN:978-3-8387-4641-8, IDN:103519418X";"Online-Ressource";"Eschbach, Andreas [Verfasser]";"Solarstation : Roman / Andreas Eschbach";"";"1. Aufl.";"Köln : Lübbe Digital";"2013";"Online-Ressource";"978-3-8387-4641-8";"";"";"";"";"ger";"XA-DE-NW";"";"";"";"";"";"";"";"Druckausg.: ISBN: 978-3-404-24259-7; Erscheint auch als Andreas Eschbach: Solarstation";"";"";"13,O06"
"820 Englische Literatur ; B Belletristik";"ISBN:978-3-596-90495-2 kart. : EUR 10.99 (DE), EUR 11.30 (AT), sfr 16.50 (freier Pr.), 3-596-90495-1, IDN:1022258710";"";"Collins, Wilkie [Verfasser] ; Geisler, Gisela [Übersetzer]";"Der Monddiamant / Wilkie Collins. Aus dem Engl. von Gisela Geisler";"";"";"Frankfurt, M. : Fischer-Taschenbuch-Verl.";"2012";"607 S. ; 19 cm";"978-3-596-90495-2";"";"";"";"kart. : EUR 10.99 (DE), EUR 11.30 (AT), sfr 16.50 (freier Pr.)";"ger";"XA-DE-HE";"";"";"Fischer ; 90495 : Fischer Klassik";"Inhaltsverzeichnis [http://d-nb.info/1022258710/04]; Inhaltstext [http://deposit.dnb.de/cgi-bin/dokserv?id=4036608&prov=M&dok_var=1&dok_ext=htm]";"http://d-nb.info/010293345";"";"";"";"The moonstone <dt.>";"";"12,N22 , 12,A49"
"830 Deutsche Literatur ; B Belletristik";"URN:urn:nbn:de:101:1-2019040110044875343816, URL:http://nbn-resolving.de/urn:nbn:de:101:1-2019040110044875343816, URL:http://d-nb.info/118225134X/34, URL:http://www.emons-verlag.de, ISBN:978-3-86358-052-0, IDN:118225134X";"Online-Ressource";"Schätzing, Frank [Verfasser]";"Lautlos / Frank Schätzing";"";"";"Köln : Emons Verlag";"2011";"Online-Ressource, 608 Seiten";"978-3-86358-052-0";"";"";"";"";"ger";"XA-DE-NW";"";"";"Köln-Krimi ; 19";"";"";"";"Weltwirtschaftsgipfel ; Köln ; Kriminalfall ; Iren ; Geschichte 1999 ; Belletristische Darstellung";"Erscheint auch als Frank Schätzing: Lautlos";"";"";"19,O05"
"830 Deutsche Literatur ; B Belletristik";"URN:urn:nbn:de:101:1-2013012218887, URL:http://nbn-resolving.de/urn:nbn:de:101:1-2013012218887, URL:http://d-nb.info/1030028281/34, URL:http://www.luebbe.de, ISBN:978-3-8387-0603-0, IDN:1030028281";"Online-Ressource";"Eschbach, Andreas [Verfasser]";"Ausgebrannt : Thriller / Andreas Eschbach";"";"1. Aufl.";"Köln : Lübbe Digital";"2010";"Online-Ressource";"978-3-8387-0603-0";"";"";"";"";"ger";"XA-DE-NW";"";"";"";"";"";"";"Saudi-Arabien ; Ölkrise ; Projekt ; Scharlatan ; Amerikaner ; Belletristische Darstellung";"Druckausg.: ISBN: 9783404159239";"";"";"13,O02"
"360 Soziale Probleme, Sozialdienste, Versicherungen";"ISBN:978-3-86883-026-2 Pp. : EUR 19.90 (DE), EUR 20.50 (AT), sfr 33.90 (freier Pr.), IDN:994208073";"";"Dobyns, Jay [Verfasser] ; Johnson-Shelton, Nils [Verfasser]";"Falscher Engel : mein Höllentrip als Undercover-Agent bei den Hells Angels / Jay Dobyns und Nils Johnson-Shelton. [Übers.: Martin Rometsch]";"";"1. Aufl.";"München : Riva";"2010";"379 S. : Ill. ; 22 cm";"978-3-86883-026-2";"";"";"";"Pp. : EUR 19.90 (DE), EUR 20.50 (AT), sfr 33.90 (freier Pr.)";"ger";"XA-DE-BY";"";"";"";"Inhaltsverzeichnis [http://d-nb.info/994208073/04]";"";"";"Arizona ; Hell's Angels ; Organisiertes Verbrechen ; Verdeckter Ermittler ; Erlebnisbericht";"";"No angel <dt.>";"";"09,N22,1180 , 09,A50,0835"
"360 Soziale Probleme, Sozialdienste, Versicherungen";"ISBN:978-3-423-34529-3 kart. : EUR 9.90 (DE), EUR 10.20 (AT), sfr 17.40 (freier Pr.), IDN:98875942X";"";"Saviano, Roberto [Verfasser]";"Gomorrha : Reise in das Reich der Camorra / Roberto Saviano. Aus dem Ital. von Friederike Hausmann und Rita Seuß";"";"Ungekürzte Ausg.";"München : Dt. Taschenbuch-Verl.";"2009";"364 S. ; 20 cm";"978-3-423-34529-3";"";"";"";"kart. : EUR 9.90 (DE), EUR 10.20 (AT), sfr 17.40 (freier Pr.)";"ger";"XA-DE-BY";"";"";"dtv ; 34529";"Inhaltsverzeichnis [http://d-nb.info/98875942x/04]; Inhaltstext [http://deposit.dnb.de/cgi-bin/dokserv?id=3110138&prov=M&dok_var=1&dok_ext=htm]";"http://d-nb.info/015250849";"";"Camorra ; Schattenwirtschaft";"";"Gomorra <dt.>";"";"08,N23,0673 , 09,A07,0857"
"890 Literatur in anderen Sprachen ; B Belletristik";"ISBN:978-3-442-73627-0 kart. : EUR 10.00 (DE), EUR 10.30 (AT), sfr 18.30, 3-442-73627-7 kart. : EUR 10.00 (DE), EUR 10.30 (AT), sfr 18.30, IDN:984392998";"";"Murakami, Haruki [Verfasser]";"Hard boiled wonderland und das Ende der Welt : Roman / Haruki Murakami. Aus dem Japan. von Annelie Ortmanns";"";"Genehmigte Taschenbuchausg., 1. Aufl.";"München : btb";"2007";"506 S. ; 19 cm";"978-3-442-73627-0";"";"";"";"kart. : EUR 10.00 (DE), EUR 10.30 (AT), sfr 18.30";"ger";"XA-DE-BY";"";"";"btb ; 73627";"Inhaltstext [http://deposit.dnb.de/cgi-bin/dokserv?id=2966773&prov=M&dok_var=1&dok_ext=htm]";"http://d-nb.info/94756649X";"";"Tokio ; Datenbank ; Kriminalfall ; Belletristische Darstellung";"";"Sekai-no-owari-to-hādoboirudo-wandārando <dt.>";"";"07,N26,2360 , 07,A50,2118"
"860 Spanische und portugiesische Literatur ; B Belletristik";"ISBN:978-3-596-50981-2 Pp. : EUR 10.00, sfr 18.00, 3-596-50981-5 Pp. : EUR 10.00, sfr 18.00, IDN:979474140";"";"García Márquez, Gabriel [Verfasser]";"Hundert Jahre Einsamkeit : Roman / Gabriel García Márquez. Aus dem Span. von Curt Meyer-Clason";"";"Limitierte Sonderausg.";"Frankfurt am Main : Fischer-Taschenbuch-Verl.";"2007";"648 S. ; 15 cm";"978-3-596-50981-2";"";"";"";"Pp. : EUR 10.00, sfr 18.00";"ger";"XA-DE-HE";"";"";"";"";"";"";"Kolumbien ; Dorf ; Familie ; Unabhängigkeitsbewegung ; Geschichte 1860-1960 ; Belletristische Darstellung";"";"Cien años de soledad <dt.>";"";"06,N20,2050 , 07,A06,1935"
"820 Englische Literatur ; B Belletristik";"ISBN:978-3-462-03398-4 kart. : EUR 8.90, sfr 16.00, 3-462-03398-0 kart. : EUR 8.90, sfr 16.00, IDN:969646100";"";"Faber, Michel [Verfasser]";"Die Weltenwanderin : Roman / Michel Faber. Dt. von Isabell Lorenz";"";"1. Aufl.";"Köln : Kiepenheuer und Witsch";"2004";"379 S. ; 19 cm";"978-3-462-03398-4";"";"";"";"kart. : EUR 8.90, sfr 16.00";"ger";"XA-DE-NW";"";"";"KiWi ; 835 : Paperback";"";"http://d-nb.info/010432752";"";"Sopranistin ; Hochbegabung ; Belletristische Darstellung";"";"Under the skin <dt.>";"";"04,N03,2251 , 04,A28,1233"
"820 Englische Literatur ; B Belletristik";"ISBN:978-3-499-23410-1 kart. : EUR 9.90, sfr 17.40, 3-499-23410-6 kart. : EUR 9.90, sfr 17.40, IDN:967720214";"";"Kerr, Philip [Verfasser]";"Newtons Schatten : Roman / Philip Kerr. Dt. von Cornelia Holfelder- von der Tann";"";"";"Reinbek bei Hamburg : Rowohlt-Taschenbuch-Verl.";"2003";"384 S. ; 19 cm";"978-3-499-23410-1";"";"";"";"kart. : EUR 9.90, sfr 17.40";"ger";"XA-DE-SH";"";"";"Rororo ; 23410";"";"http://d-nb.info/010429638";"";"Isaac Newton ; London ; Mord ; Aufklärung &lt;Kriminologie> ; Belletristische Darstellung";"";"Dark matter <dt.>";"";"03,N25,2620 , 04,A03,1534"
"59 Belletristik";"ISBN:978-3-499-22550-5 kart. : DM 14.90, S 109.00, 3-499-22550-6 kart. : DM 14.90, S 109.00, IDN:956142176";"";"Nabokov, Vladimir Vladimirovič [Verfasser] ; Zimmer, Dieter E. [Mitwirkender]";"Lushins Verteidigung : Roman / Vladimir Nabokov. Dt. von Dietmar Schulte. Bearb. von Dieter E. Zimmer";"";"11. - 18. Tsd., Neuausg.";"Reinbek bei Hamburg : Rowohlt-Taschenbuch-Verl.";"1999";"317 S. ; 19 cm";"978-3-499-22550-5";"";"";"";"kart. : DM 14.90, S 109.00";"ger";"";"";"";"Rororo ; 22550";"";"http://d-nb.info/010429638";"";"Schachspieler ; Spielsucht ; Geschichte 1910-1929 ; Belletristische Darstellung";"";"Zaščita Lužina <dt.>";"";"99,A21,1681"
"59 Belletristik";"ISBN:978-3-596-12572-2 kart. : DM 19.90, S 156.00, 3-596-12572-3 kart. : DM 19.90, S 156.00, IDN:942340604";"";"Heller, Joseph [Verfasser]";"Catch 22 : Roman / Joseph Heller. Aus dem Amerikan. von Irene und Günther Danehl";"";"Ungekürzte Ausg., Neuausg. / mit einem Nachw. zur dt. Neuausg. von Joseph Heller";"Frankfurt am Main : Fischer-Taschenbuch-Verl.";"1994";"586 S. ; 19 cm";"978-3-596-12572-2";"";"";"";"kart. : DM 19.90, S 156.00";"";"";"";"";"Fischer ; 12572";"";"http://d-nb.info/010293345";"";"USA ; Luftwaffe ; Flugzeugführer ; Geschichte 1940 ; Belletristische Darstellung";"";"Catch 22 <dt.>";"";"94,A46,1780"
"810 Englische Literatur Amerikas ; B Belletristik";"ISBN:978-3-596-28222-7 kart. : DM 19.90, S 156.00, sfr 20.90, 3-596-28222-5 kart. : DM 19.90, S 156.00, sfr 20.90, IDN:941821390";"";"Bradley, Marion Zimmer [Verfasser]";"Die Nebel von Avalon : Roman / Marion Zimmer Bradley. Aus dem Amerikan. von Manfred Ohl und Hans Sartorius";"";"Ungekürzte Ausg., 891. - 940. Tsd.";"Frankfurt am Main : Fischer-Taschenbuch-Verl.";"1994";"1117 S. ; 19 cm";"978-3-596-28222-7";"";"";"";"kart. : DM 19.90, S 156.00, sfr 20.90";"";"";"";"";"Fischer ; 8222";"";"http://d-nb.info/010293345";"";"";"";"";"";"94,A37,1742"
